gid,gap,observation,next_request
100000005075949100,обрыв 4-го колена,"получил 2.2 млн, P(ушли дальше)=0.66",Выгрузить исходящие переводы (5-е колено)
100000001053894100,обрыв 4-го колена,"получил 2.0 млн, P(ушли дальше)=0.78",Выгрузить исходящие переводы (5-е колено)
100000008175078100,обрыв 4-го колена,"получил 1.8 млн, P(ушли дальше)=0.87",Выгрузить исходящие переводы (5-е колено)
100000008517061100,обрыв 4-го колена,"получил 1.8 млн, P(ушли дальше)=0.48",Выгрузить исходящие переводы (5-е колено)
100000001131403100,обрыв 4-го колена,"получил 1.6 млн, P(ушли дальше)=0.51",Выгрузить исходящие переводы (5-е колено)
100000002126791100,обрыв 4-го колена,"получил 1.3 млн, P(ушли дальше)=0.52",Выгрузить исходящие переводы (5-е колено)
100000003220685100,обрыв 4-го колена,"получил 1.3 млн, P(ушли дальше)=0.39",Выгрузить исходящие переводы (5-е колено)
100000002884708100,обрыв 4-го колена,"получил 1.2 млн, P(ушли дальше)=0.42",Выгрузить исходящие переводы (5-е колено)
100000004035925100,обрыв 4-го колена,"получил 1.1 млн, P(ушли дальше)=0.45",Выгрузить исходящие переводы (5-е колено)
100000005767403100,обрыв 4-го колена,"получил 1.1 млн, P(ушли дальше)=0.42",Выгрузить исходящие переводы (5-е колено)
100000002671326100,обрыв 4-го колена,"получил 1.1 млн, P(ушли дальше)=0.44",Выгрузить исходящие переводы (5-е колено)
100000003718715100,обрыв 4-го колена,"получил 915 тыс., P(ушли дальше)=0.53",Выгрузить исходящие переводы (5-е колено)
100000004586598100,обрыв 4-го колена,"получил 761 тыс., P(ушли дальше)=0.62",Выгрузить исходящие переводы (5-е колено)
100000000733940100,обрыв 4-го колена,"получил 752 тыс., P(ушли дальше)=0.46",Выгрузить исходящие переводы (5-е колено)
100000007865484100,обрыв 4-го колена,"получил 585 тыс., P(ушли дальше)=0.49",Выгрузить исходящие переводы (5-е колено)
100000003115284100,источник вне выборки,отправил 7 тыс. раньше первого поступления в графе,Выгрузить ВСЕ входящие переводы клиента за период (не только от графа)
100000007908818100,источник вне выборки,отправил 277 тыс. раньше первого поступления в графе,Выгрузить ВСЕ входящие переводы клиента за период (не только от графа)
100000004015047100,источник вне выборки,отправил 7 тыс. раньше первого поступления в графе,Выгрузить ВСЕ входящие переводы клиента за период (не только от графа)
100000008165763100,источник вне выборки,отправил 197 тыс. раньше первого поступления в графе,Выгрузить ВСЕ входящие переводы клиента за период (не только от графа)
100000004156082100,источник вне выборки,отдал 2.3 млн при видимом входе 377 тыс.,Выгрузить ВСЕ входящие переводы клиента за период (не только от графа)
100000000343175100,источник вне выборки,отдал 4.0 млн при видимом входе 179 тыс.,Выгрузить ВСЕ входящие переводы клиента за период (не только от графа)
100000006518161100,источник вне выборки,отправил 170 тыс. раньше первого поступления в графе,Выгрузить ВСЕ входящие переводы клиента за период (не только от графа)
100000001616816100,серия мелких поступлений,"6 входящих в диапазоне 5–10 тыс. (5 000 — порог выгрузки, не регуляторный)",Запросить транзакции < 5 000 KZT: вероятна ещё более мелкая розничная часть сбора
100000003016635100,серия мелких поступлений,"23 входящих в диапазоне 5–10 тыс. (5 000 — порог выгрузки, не регуляторный)",Запросить транзакции < 5 000 KZT: вероятна ещё более мелкая розничная часть сбора
100000008244300100,серия мелких поступлений,"5 входящих в диапазоне 5–10 тыс. (5 000 — порог выгрузки, не регуляторный)",Запросить транзакции < 5 000 KZT: вероятна ещё более мелкая розничная часть сбора
100000003886323100,серия мелких поступлений,"5 входящих в диапазоне 5–10 тыс. (5 000 — порог выгрузки, не регуляторный)",Запросить транзакции < 5 000 KZT: вероятна ещё более мелкая розничная часть сбора
100000005546031100,серия мелких поступлений,"4 входящих в диапазоне 5–10 тыс. (5 000 — порог выгрузки, не регуляторный)",Запросить транзакции < 5 000 KZT: вероятна ещё более мелкая розничная часть сбора
100000002941114100,серия мелких поступлений,"11 входящих в диапазоне 5–10 тыс. (5 000 — порог выгрузки, не регуляторный)",Запросить транзакции < 5 000 KZT: вероятна ещё более мелкая розничная часть сбора
100000008546855100,серия мелких поступлений,"5 входящих в диапазоне 5–10 тыс. (5 000 — порог выгрузки, не регуляторный)",Запросить транзакции < 5 000 KZT: вероятна ещё более мелкая розничная часть сбора
100000000332284100,серия мелких поступлений,"10 входящих в диапазоне 5–10 тыс. (5 000 — порог выгрузки, не регуляторный)",Запросить транзакции < 5 000 KZT: вероятна ещё более мелкая розничная часть сбора
100000003249054100,серия мелких поступлений,"7 входящих в диапазоне 5–10 тыс. (5 000 — порог выгрузки, не регуляторный)",Запросить транзакции < 5 000 KZT: вероятна ещё более мелкая розничная часть сбора
100000004071070100,серия мелких поступлений,"4 входящих в диапазоне 5–10 тыс. (5 000 — порог выгрузки, не регуляторный)",Запросить транзакции < 5 000 KZT: вероятна ещё более мелкая розничная часть сбора
100000003741418100,серия мелких поступлений,"9 входящих в диапазоне 5–10 тыс. (5 000 — порог выгрузки, не регуляторный)",Запросить транзакции < 5 000 KZT: вероятна ещё более мелкая розничная часть сбора
100000002156381100,серия мелких поступлений,"4 входящих в диапазоне 5–10 тыс. (5 000 — порог выгрузки, не регуляторный)",Запросить транзакции < 5 000 KZT: вероятна ещё более мелкая розничная часть сбора
100000003159641100,серия мелких поступлений,"4 входящих в диапазоне 5–10 тыс. (5 000 — порог выгрузки, не регуляторный)",Запросить транзакции < 5 000 KZT: вероятна ещё более мелкая розничная часть сбора
100000002293421100,серия мелких поступлений,"4 входящих в диапазоне 5–10 тыс. (5 000 — порог выгрузки, не регуляторный)",Запросить транзакции < 5 000 KZT: вероятна ещё более мелкая розничная часть сбора
100000005665181100,серия мелких поступлений,"4 входящих в диапазоне 5–10 тыс. (5 000 — порог выгрузки, не регуляторный)",Запросить транзакции < 5 000 KZT: вероятна ещё более мелкая розничная часть сбора
100000003971049100,серия мелких поступлений,"4 входящих в диапазоне 5–10 тыс. (5 000 — порог выгрузки, не регуляторный)",Запросить транзакции < 5 000 KZT: вероятна ещё более мелкая розничная часть сбора
100000002957787100,серия мелких поступлений,"5 входящих в диапазоне 5–10 тыс. (5 000 — порог выгрузки, не регуляторный)",Запросить транзакции < 5 000 KZT: вероятна ещё более мелкая розничная часть сбора
100000002391278100,серия мелких поступлений,"4 входящих в диапазоне 5–10 тыс. (5 000 — порог выгрузки, не регуляторный)",Запросить транзакции < 5 000 KZT: вероятна ещё более мелкая розничная часть сбора
100000003636627100,серия мелких поступлений,"6 входящих в диапазоне 5–10 тыс. (5 000 — порог выгрузки, не регуляторный)",Запросить транзакции < 5 000 KZT: вероятна ещё более мелкая розничная часть сбора
100000008190411100,серия мелких поступлений,"7 входящих в диапазоне 5–10 тыс. (5 000 — порог выгрузки, не регуляторный)",Запросить транзакции < 5 000 KZT: вероятна ещё более мелкая розничная часть сбора
100000004610802100,серия мелких поступлений,"10 входящих в диапазоне 5–10 тыс. (5 000 — порог выгрузки, не регуляторный)",Запросить транзакции < 5 000 KZT: вероятна ещё более мелкая розничная часть сбора
100000000557536100,серия мелких поступлений,"4 входящих в диапазоне 5–10 тыс. (5 000 — порог выгрузки, не регуляторный)",Запросить транзакции < 5 000 KZT: вероятна ещё более мелкая розничная часть сбора
100000006490615100,серия мелких поступлений,"5 входящих в диапазоне 5–10 тыс. (5 000 — порог выгрузки, не регуляторный)",Запросить транзакции < 5 000 KZT: вероятна ещё более мелкая розничная часть сбора
100000006756956100,серия мелких поступлений,"6 входящих в диапазоне 5–10 тыс. (5 000 — порог выгрузки, не регуляторный)",Запросить транзакции < 5 000 KZT: вероятна ещё более мелкая розничная часть сбора
100000002605308100,деньги не ушли внутри банка,"получил 2.6 млн, внутрибанковских исходящих ≥5 000 нет","Проверить межбанковские переводы, снятие наличных, карточные операции"
100000001072022100,деньги не ушли внутри банка,"получил 1.7 млн, внутрибанковских исходящих ≥5 000 нет","Проверить межбанковские переводы, снятие наличных, карточные операции"
100000002173161100,деньги не ушли внутри банка,"получил 1.4 млн, внутрибанковских исходящих ≥5 000 нет","Проверить межбанковские переводы, снятие наличных, карточные операции"
100000002603769100,деньги не ушли внутри банка,"получил 1.2 млн, внутрибанковских исходящих ≥5 000 нет","Проверить межбанковские переводы, снятие наличных, карточные операции"
100000002894076100,деньги не ушли внутри банка,"получил 1.1 млн, внутрибанковских исходящих ≥5 000 нет","Проверить межбанковские переводы, снятие наличных, карточные операции"
100000002872399100,деньги не ушли внутри банка,"получил 1.1 млн, внутрибанковских исходящих ≥5 000 нет","Проверить межбанковские переводы, снятие наличных, карточные операции"
100000001875167100,деньги не ушли внутри банка,"получил 1.0 млн, внутрибанковских исходящих ≥5 000 нет","Проверить межбанковские переводы, снятие наличных, карточные операции"
100000003964910100,деньги не ушли внутри банка,"получил 1.0 млн, внутрибанковских исходящих ≥5 000 нет","Проверить межбанковские переводы, снятие наличных, карточные операции"
100000001411870100,деньги не ушли внутри банка,"получил 900 тыс., внутрибанковских исходящих ≥5 000 нет","Проверить межбанковские переводы, снятие наличных, карточные операции"
100000002459832100,деньги не ушли внутри банка,"получил 881 тыс., внутрибанковских исходящих ≥5 000 нет","Проверить межбанковские переводы, снятие наличных, карточные операции"
100000007229557100,деньги не ушли внутри банка,"получил 878 тыс., внутрибанковских исходящих ≥5 000 нет","Проверить межбанковские переводы, снятие наличных, карточные операции"
100000003404627100,деньги не ушли внутри банка,"получил 878 тыс., внутрибанковских исходящих ≥5 000 нет","Проверить межбанковские переводы, снятие наличных, карточные операции"
100000002956769100,деньги не ушли внутри банка,"получил 840 тыс., внутрибанковских исходящих ≥5 000 нет","Проверить межбанковские переводы, снятие наличных, карточные операции"
100000001567366100,деньги не ушли внутри банка,"получил 824 тыс., внутрибанковских исходящих ≥5 000 нет","Проверить межбанковские переводы, снятие наличных, карточные операции"
100000004399686100,деньги не ушли внутри банка,"получил 806 тыс., внутрибанковских исходящих ≥5 000 нет","Проверить межбанковские переводы, снятие наличных, карточные операции"
—,клиенты вне сети,19 клиентов (19 seed) без переводов ≥5 000 внутри банка,Запросить межбанк/наличные и операции < 5 000 KZT по этим клиентам
